,0,Var_90
0,77329.30000000024,NaN
1,-138520.75000000006,NaN
2,24633.20000000004,NaN
3,-140093.29999999993,NaN
4,145503.1499999999,NaN
5,-161536.6500000001,NaN
6,-73437.55000000016,NaN
7,-100764.15000000027,NaN
8,10255.900000000722,NaN
9,15623.749999999898,NaN
10,-15677.300000000017,NaN
11,-47379.95000000013,NaN
12,81586.1999999999,NaN
13,12685.349999999453,NaN
14,-45116.74999999959,NaN
15,-229071.99999999977,NaN
16,-192300.89999999988,NaN
17,-104652.79999999976,NaN
18,33512.30000000002,NaN
19,-36148.800000000396,NaN
20,-177180.50000000006,NaN
21,63043.85000000014,NaN
22,-175234.00000000006,NaN
23,140757.84999999998,NaN
24,-221320.04999999958,NaN
25,69345.84999999976,NaN
26,159264.0999999995,NaN
27,-26661.7499999993,NaN
28,167073.34999999998,NaN
29,75007.95000000032,NaN
30,-73917.90000000052,NaN
31,-161092.24999999916,NaN
32,-245596.60000000044,NaN
33,-44251.09999999967,NaN
34,95022.94999999976,NaN
35,137653.2000000002,NaN
36,41766.24999999988,NaN
37,256311.3999999999,NaN
38,121471.24999999991,NaN
39,-64208.49999999945,NaN
40,-34023.800000000556,NaN
41,-40156.30000000005,NaN
42,-121396.25000000023,NaN
43,43729.7500000001,NaN
44,30712.40000000011,NaN
45,13434.100000000137,NaN
46,68094.9000000004,NaN
47,23245.249999999767,NaN
48,-15489.749999999753,NaN
49,57676.349999999846,NaN
50,43443.55000000015,NaN
51,35620.99999999988,NaN
52,-45622.15000000007,NaN
53,-45654.700000000215,NaN
54,-118362.00000000015,NaN
55,-152167.7,NaN
56,27119.750000000175,NaN
57,27170.899999999674,NaN
58,-109646.35000000018,NaN
59,127748.40000000058,NaN
60,9452.500000000058,NaN
61,52402.550000000134,NaN
62,33617.50000000013,NaN
63,-326557.49999999965,NaN
64,95586.49999999985,NaN
65,19300.90000000014,NaN
66,65320.94999999995,NaN
67,10707.950000000157,NaN
68,-67127.75000000006,NaN
69,104025.6499999997,NaN
70,-2291.1000000002095,NaN
71,-20845.04999999993,NaN
72,-94313.0,NaN
73,-44838.25000000003,NaN
74,-173374.04999999987,NaN
75,-32489.349999999846,NaN
76,-119001.75000000012,NaN
77,-56086.39999999998,NaN
78,140714.69999999995,NaN
79,-44159.04999999971,NaN
80,-81848.10000000003,NaN
81,1395.0999999998312,NaN
82,-136377.0499999998,NaN
83,-99362.0000000002,NaN
84,-90963.69999999972,NaN
85,34093.500000000146,NaN
86,67697.15000000043,NaN
87,-87095.55000000005,NaN
88,-216968.14999999997,NaN
89,-164324.20000000013,NaN
90,-290967.8999999998,NaN
91,-426711.1999999998,NaN
92,403304.64999999985,NaN
93,-85526.60000000003,NaN
94,-394884.09999999974,NaN
95,-286640.95000000065,NaN
96,-239841.69999999978,NaN
97,177220.59999999971,NaN
98,166824.4000000003,NaN
99,-138946.94999999984,NaN
100,-366619.3499999999,NaN
101,-591543.5,NaN
102,-293390.0499999999,NaN
103,403018.8000000001,NaN
104,333611.4499999996,NaN
105,372634.85,NaN
106,158175.35000000006,NaN
107,81102.84999999942,NaN
108,-66832.64999999979,NaN
109,-220309.10000000038,NaN
110,196161.2000000003,NaN
111,253952.95000000007,NaN
112,-266154.15,NaN
113,-171912.89999999988,NaN
114,-56589.74999999972,NaN
115,-150322.9500000004,NaN
116,-146980.94999999984,NaN
117,-127319.49999999988,NaN
118,-61987.94999999997,NaN
119,168267.80000000028,NaN
120,-47969.50000000012,NaN
121,-58534.750000000146,NaN
122,90915.3500000003,NaN
123,42089.449999999575,NaN
124,-163748.05,NaN
125,57915.80000000015,NaN
126,13720.249999999825,NaN
127,143039.35000000038,NaN
128,-175134.04999999993,NaN
129,60153.60000000009,NaN
130,179823.34999999966,NaN
131,-144906.24999999997,NaN
132,124489.05000000002,NaN
133,153886.1499999999,NaN
134,81163.90000000002,NaN
135,-137164.74999999988,NaN
136,99849.89999999994,NaN
137,-10440.699999999808,NaN
138,31655.19999999978,NaN
139,-160259.60000000015,NaN
140,-141668.50000000006,NaN
141,-140488.20000000007,NaN
142,71081.29999999967,NaN
143,89921.65,NaN
144,32657.999999999884,NaN
145,168057.25000000035,NaN
146,148152.54999999946,NaN
147,102982.4000000003,NaN
148,23770.500000000247,NaN
149,-300333.05000000045,NaN
150,-78509.04999999935,NaN
151,-153717.35000000027,NaN
152,-64187.15000000014,NaN
153,141515.1999999997,NaN
154,-111114.49999999953,NaN
155,99867.1499999999,NaN
156,20008.699999999953,NaN
157,-106381.0999999998,NaN
158,-86177.75000000035,NaN
159,-173049.85,NaN
160,-77296.15000000008,NaN
161,54941.05000000028,NaN
162,101252.74999999983,NaN
163,101112.9499999994,NaN
164,193409.85000000027,NaN
165,-170958.95000000036,NaN
166,-71979.89999999995,NaN
167,-55757.149999999674,NaN
168,-70360.49999999942,NaN
169,84189.24999999965,NaN
170,124341.00000000041,NaN
171,-59527.05,NaN
172,-17649.450000000405,NaN
173,28511.89999999995,NaN
174,54049.550000000105,NaN
175,-75776.30000000041,NaN
176,-148694.94999999972,NaN
177,-58374.39999999947,NaN
178,19791.999999999884,NaN
179,-38272.29999999984,NaN
180,5564.549999999901,NaN
181,77680.55000000037,NaN
182,-121720.89999999997,NaN
183,-39015.299999999406,NaN
184,-66776.2000000003,NaN
185,-127423.74999999983,NaN
186,89383.50000000041,NaN
187,-120688.9499999998,NaN
188,116334.34999999992,NaN
189,-121137.60000000033,NaN
190,123855.24999999971,NaN
191,167792.5499999998,NaN
192,83492.30000000002,NaN
193,100430.3000000003,NaN
194,47751.34999999963,NaN
195,12671.350000000006,NaN
196,126096.29999999987,NaN
197,270182.5,NaN
198,-96692.05000000013,NaN
199,11590.20000000039,NaN
200,198755.35000000044,NaN
201,139137.65000000055,NaN
202,-295246.0500000002,NaN
203,146585.40000000014,NaN
204,56739.4000000002,NaN
205,200358.4000000002,NaN
206,193363.74999999974,NaN
207,65852.35000000021,NaN
208,5771.75,NaN
209,70057.15000000008,NaN
210,120688.55000000009,NaN
211,-153431.8000000002,NaN
212,-163537.84999999992,NaN
213,-80627.60000000003,NaN
214,72673.35000000043,NaN
215,-65098.40000000014,NaN
216,142467.0,NaN
217,40507.95000000013,NaN
218,-74941.85000000025,NaN
219,-172994.45,NaN
220,61428.70000000007,NaN
221,495605.2,NaN
222,-26011.80000000031,NaN
223,-2887.1500000000233,NaN
224,273501.6999999995,NaN
225,-59192.60000000018,NaN
226,-54880.05000000019,NaN
227,174611.1500000002,NaN
228,5840.900000000489,NaN
229,-22725.750000000087,NaN
230,-2972.1999999997206,NaN
231,,NaN
232,,NaN
233,217631.04999999996,NaN
234,-78945.39999999983,NaN
235,43303.50000000022,NaN
236,93809.50000000007,NaN
237,-74267.60000000003,NaN
238,135969.79999999993,NaN
239,-5232.700000000477,NaN
240,116455.90000000011,NaN
241,240520.15000000008,NaN
242,67709.24999999994,NaN
243,394512.2000000003,NaN
244,-92343.94999999995,NaN
245,-31084.599999999627,NaN
246,-262543.29999999993,NaN
247,372247.90000000014,NaN
248,160555.34999999986,NaN
249,164906.04999999987,NaN
250,-74252.39999999979,NaN
251,-128232.49999999962,NaN
252,179204.9499999999,NaN
253,-186405.2999999998,NaN
254,-134704.80000000037,NaN
255,60166.45000000078,NaN
256,-106144.10000000015,NaN
257,-124614.4,NaN
258,80314.75,NaN
259,-43051.60000000011,NaN
260,98545.24999999996,NaN
261,30235.549999999683,NaN
262,-76767.44999999946,NaN
263,-55741.84999999986,NaN
264,61575.299999999785,NaN
265,-35189.49999999994,NaN
266,-153865.4,NaN
267,111564.25,NaN
268,-54837.949999999866,NaN
269,-15020.09999999925,NaN
270,-167693.7500000004,NaN
271,-95757.19999999995,NaN
272,192622.0500000003,NaN
273,216371.0999999999,NaN
274,11436.10000000002,NaN
275,257141.39999999973,NaN
276,175169.84999999992,NaN
277,-37890.499999999796,NaN
278,-118957.70000000003,NaN
279,253193.70000000007,NaN
280,102695.29999999974,NaN
281,28922.400000000227,NaN
282,38275.20000000026,NaN
283,-23353.750000000146,NaN
284,27304.29999999974,NaN
285,196835.6499999999,NaN
286,162968.10000000015,NaN
287,86810.65000000017,NaN
288,-52035.99999999971,NaN
289,-242985.34999999992,NaN
290,-149613.95,NaN
291,-5972.450000000041,NaN
292,133055.40000000046,NaN
293,-24756.650000000605,NaN
294,220967.15000000026,NaN
295,-43064.80000000005,NaN
296,-291876.6499999993,NaN
297,188047.39999999997,NaN
298,-115004.2999999995,NaN
299,45979.34999999983,NaN
300,37704.20000000007,NaN
301,190292.15000000043,NaN
302,37943.800000000076,NaN
303,-4732.699999999866,NaN
304,-502.8999999999651,NaN
305,39381.80000000022,NaN
306,-79476.29999999993,NaN
307,-24587.600000000093,NaN
308,-31350.149999999907,NaN
309,-36270.95000000011,NaN
310,99427.10000000012,NaN
311,84326.25000000012,NaN
312,100420.19999999975,NaN
313,82154.10000000006,NaN
314,-94867.09999999986,NaN
315,113828.69999999969,NaN
316,-77447.8000000003,NaN
317,121150.40000000023,NaN
318,134039.24999999994,NaN
319,74016.25000000044,NaN
320,12686.999999999622,NaN
321,32575.649999999456,NaN
322,-70420.05000000005,NaN
323,-86601.9499999999,NaN
324,6632.1999999999825,NaN
325,-5233.650000000256,NaN
326,38143.74999999991,NaN
327,-30212.750000000364,NaN
328,-117334.19999999997,NaN
329,197882.40000000002,NaN
330,37654.19999999972,NaN
331,74599.65000000033,NaN
332,-2112.8500000002095,NaN
333,86764.80000000009,NaN
334,116271.54999999976,NaN
335,-34136.850000000006,NaN
336,6147.70000000007,NaN
337,-31217.90000000014,NaN
338,89288.55000000005,NaN
339,-41675.79999999999,NaN
340,-46229.94999999985,NaN
341,140396.79999999993,NaN
342,-63119.39999999927,NaN
343,-220220.2,NaN
344,-50895.75000000012,NaN
345,-72027.85000000027,NaN
346,16162.449999999779,NaN
347,-297825.59999999986,NaN
348,267976.94999999984,NaN
349,102837.20000000017,NaN
350,-157.99999999986903,NaN
351,219316.1500000002,NaN
352,-79364.75,NaN
353,139583.10000000015,NaN
354,-66554.24999999975,NaN
355,1827.6499999995576,NaN
356,72561.84999999998,NaN
357,25301.35000000034,NaN
358,12872.949999999983,NaN
359,-114413.1000000001,NaN
360,89278.00000000003,NaN
361,28560.75000000029,NaN
362,-20952.6499999995,NaN
363,-4304.050000000774,NaN
364,-105579.79999999981,NaN
365,-27979.0,NaN
366,121330.95000000024,NaN
367,80337.04999999989,NaN
368,-5354.899999999761,NaN
369,74260.2500000001,NaN
370,33227.599999999904,NaN
371,-71006.34999999998,NaN
372,85029.94999999995,NaN
373,-80414.74999999983,NaN
374,20125.100000000006,NaN
375,-36016.15000000002,NaN
376,-52018.35000000018,NaN
377,13763.399999999427,NaN
378,7294.800000000221,NaN
379,63965.54999999993,NaN
380,-61118.8000000006,NaN
381,-80991.00000000015,NaN
382,89324.54999999965,NaN
383,226154.70000000024,NaN
384,93337.34999999999,NaN
385,58129.300000000134,NaN
386,-58277.00000000012,NaN
387,5221.299999999843,NaN
388,79904.25000000042,NaN
389,191278.09999999945,NaN
390,-39026.69999999943,NaN
391,42453.8499999998,NaN
392,-4279.949999999779,NaN
393,-27871.750000000015,NaN
394,-85578.14999999994,NaN
395,61918.95000000013,NaN
396,2929.7000000003027,NaN
397,12290.700000000186,NaN
398,-7005.250000000058,NaN
399,-62371.59999999983,NaN
400,28393.999999999534,NaN
401,-73173.60000000006,NaN
402,27698.29999999993,NaN
403,-58222.60000000014,NaN
404,-201671.09999999954,NaN
405,8959.899999999732,NaN
406,-60136.79999999996,NaN
407,73330.9500000006,NaN
408,-14385.450000000128,NaN
409,157429.84999999954,NaN
410,-161033.09999999974,NaN
411,-159187.1499999999,NaN
412,55401.79999999987,NaN
413,-89890.05000000041,NaN
414,-40831.149999999674,NaN
415,31553.39999999985,NaN
416,57345.44999999997,NaN
417,55022.749999999825,NaN
418,78784.70000000023,NaN
419,146954.45000000013,NaN
420,-16268.249999999942,NaN
421,-55796.94999999988,NaN
422,44533.44999999995,NaN
423,5819.300000000134,NaN
424,-18825.499999999927,NaN
425,-35219.55000000028,NaN
426,35874.550000000236,NaN
427,169308.1999999999,NaN
428,54104.55000000005,NaN
429,6545.700000000332,NaN
430,-22204.949999999735,NaN
431,-5633.000000000233,NaN
432,-57082.04999999964,NaN
433,18390.95000000004,NaN
434,-26034.54999999996,NaN
435,88410.75000000033,NaN
436,5851.25000000032,NaN
437,66494.00000000052,NaN
438,73557.59999999966,NaN
439,18928.650000000285,NaN
440,-6218.599999999977,NaN
441,-85422.25000000032,NaN
442,9094.249999999869,NaN
443,99611.30000000051,NaN
444,33249.44999999998,NaN
445,102270.69999999972,NaN
446,-24446.850000000064,NaN
447,-87752.4999999998,NaN
448,51536.15000000002,NaN
449,47560.94999999998,NaN
450,-23515.000000000276,NaN
451,11551.249999999884,NaN
452,-102981.99999999974,NaN
453,43408.20000000007,NaN
454,28673.799999999872,NaN
455,-42392.25,NaN
456,-43237.49999999997,NaN
457,20372.900000000023,NaN
458,10476.050000000017,NaN
459,29394.89999999979,NaN
460,-18091.799999999406,NaN
461,9599.749999999884,NaN
462,-4886.200000000041,NaN
463,74765.60000000014,NaN
464,-9049.749999999607,NaN
465,-86164.65000000011,NaN
466,11508.649999999849,NaN
467,-17787.599999999627,NaN
468,-58705.950000000536,NaN
469,-183296.45000000004,NaN
470,25477.25,NaN
471,-17367.95000000001,NaN
472,-40034.90000000027,NaN
473,214952.0,NaN
474,-108634.55000000015,NaN
475,74331.65000000026,NaN
476,8744.54999999977,NaN
477,-71138.85000000008,NaN
478,-6433.6500000003725,NaN
479,-322.19999999992433,NaN
480,-186964.1999999996,NaN
481,-4109.700000000012,NaN
482,-29874.80000000028,NaN
483,-99684.80000000025,NaN
484,-203014.35000000012,NaN
485,206232.64999999985,NaN
486,36723.59999999993,NaN
487,113278.54999999993,NaN
488,-18759.39999999979,NaN
489,-94838.55000000009,NaN
490,13030.299999999886,NaN
491,130220.55000000005,NaN
492,46993.50000000022,NaN
493,-119272.84999999998,NaN
494,-133325.39999999985,NaN
495,-47997.79999999987,NaN
496,120899.54999999984,NaN
497,34329.49999999997,NaN
498,98721.55000000016,NaN
499,44716.54999999996,NaN
500,-7865.8999999996595,NaN
501,51800.99999999972,NaN
502,-32529.700000000346,NaN
503,144001.5000000004,NaN
504,-27103.250000000204,NaN
505,46296.24999999994,NaN
506,-3691.800000000032,NaN
507,-53494.15000000008,NaN
508,33662.54999999987,NaN
509,-100768.00000000001,NaN
510,50202.29999999984,NaN
511,-38320.50000000006,NaN
512,514.650000000096,NaN
513,-11281.100000000137,NaN
514,56030.90000000027,NaN
515,-33077.749999999825,NaN
516,71484.54999999976,NaN
517,64721.700000000186,NaN
518,6361.449999999808,NaN
519,33991.55000000034,NaN
520,-11740.850000000224,NaN
521,23648.14999999995,NaN
522,-20248.35000000008,NaN
523,-10609.35000000018,NaN
524,3941.300000000105,NaN
525,54834.35000000027,NaN
526,55232.84999999986,NaN
527,23905.199999999255,NaN
528,-35977.89999999985,NaN
529,11001.79999999993,NaN
530,37996.2000000001,NaN
531,32144.69999999991,NaN
532,-19402.150000000285,NaN
533,79842.10000000017,NaN
534,-725717.4000000001,NaN
535,23103.350000000006,NaN
536,-13731.20000000042,NaN
537,8051.550000000279,NaN
538,48260.29999999987,NaN
539,-69756.1499999999,NaN
540,-13491.89999999979,NaN
541,24099.0,NaN
542,45686.90000000021,NaN
543,-1055.9499999999243,NaN
544,56733.900000000314,NaN
545,124054.94999999978,NaN
546,73976.45000000019,NaN
547,-48110.10000000015,NaN
548,-34717.24999999981,NaN
549,-94589.45000000016,NaN
550,-71596.64999999964,NaN
551,3981.4000000001397,NaN
552,-40154.20000000026,NaN
553,20230.100000000384,NaN
554,2492.04999999993,NaN
555,118446.64999999963,NaN
556,55842.9000000002,NaN
557,-22926.850000000093,NaN
558,134427.59999999998,NaN
559,24217.599999999962,NaN
560,-13342.849999999817,NaN
561,-5591.199999999793,NaN
562,118287.6999999997,NaN
563,-13129.75,NaN
564,90618.15000000008,NaN
565,-65981.20000000024,NaN
566,58197.00000000025,NaN
567,127761.84999999993,NaN
568,-54874.94999999981,NaN
569,68500.95000000032,NaN
570,37131.64999999989,NaN
571,22598.350000000457,NaN
572,69049.39999999982,NaN
573,-3568.9499999996915,NaN
574,-91519.65000000018,NaN
575,59115.050000000134,NaN
576,103784.99999999974,NaN
577,-17209.099999999642,NaN
578,-41981.10000000025,NaN
579,100114.14999999946,NaN
580,-15228.699999999488,NaN
581,31559.19999999991,NaN
582,14630.050000000047,NaN
583,-67927.45000000042,NaN
584,114536.30000000006,NaN
585,-16829.099999999453,NaN
586,-88440.80000000037,NaN
587,-21536.20000000023,NaN
588,-61544.80000000006,NaN
589,-67795.44999999982,NaN
590,177193.0,NaN
591,-41334.15000000007,NaN
592,95388.20000000036,NaN
593,37573.800000000134,NaN
594,-19691.350000000224,NaN
595,-76850.74999999942,NaN
596,-29296.700000000303,NaN
597,69034.9999999999,NaN
598,31039.299999999974,NaN
599,66179.95000000036,NaN
600,103785.89999999964,NaN
601,64553.75000000009,NaN
602,-39108.99999999988,NaN
603,27620.449999999895,NaN
604,8137.999999999796,NaN
605,23528.299999999857,NaN
606,-146667.8999999999,NaN
607,11756.45000000007,NaN
608,-210751.30000000005,NaN
609,107688.85,NaN
610,-116381.80000000003,NaN
611,88979.05000000032,NaN
612,-87538.90000000015,NaN
613,-35571.65000000037,NaN
614,-139281.10000000018,NaN
615,-59028.54999999987,NaN
616,49714.54999999987,NaN
617,93859.6000000005,NaN
618,121909.15000000026,NaN
619,54010.999999999854,NaN
620,-49315.24999999987,NaN
621,37094.000000000044,NaN
622,52641.10000000009,NaN
623,-87108.65000000004,NaN
624,-171289.94999999995,NaN
625,99733.9500000003,NaN
626,49590.84999999963,NaN
627,84719.10000000033,NaN
628,-68655.30000000003,NaN
629,32000.400000000198,NaN
630,-23940.15000000072,NaN
631,142626.1499999999,NaN
632,38729.249999999956,NaN
633,-65371.90000000018,NaN
634,106301.54999999974,NaN
635,-13220.049999999916,NaN
636,13063.3499999997,NaN
637,70987.85000000021,NaN
638,38598.95000000013,NaN
639,31690.349999999817,NaN
640,16426.34999999989,NaN
641,36202.249999999956,NaN
642,22146.450000000215,NaN
643,27284.449999999662,NaN
644,-257599.45,NaN
645,-155504.45000000013,NaN
646,68918.30000000003,NaN
647,151479.89999999994,NaN
648,-66527.94999999995,NaN
649,-74333.40000000005,NaN
650,-21067.60000000015,NaN
651,94790.94999999981,NaN
652,45572.54999999958,NaN
653,-14022.299999999552,NaN
654,-47120.64999999998,NaN
655,-6928.949999999488,NaN
656,19459.199999999604,NaN
657,-45624.84999999963,NaN
658,-121308.94999999976,NaN
659,22265.950000000288,NaN
660,-44175.55,NaN
661,39526.65000000007,NaN
662,128890.3999999999,NaN
663,-174096.59999999986,NaN
664,-13513.70000000036,NaN
665,-39874.10000000021,NaN
666,-219394.9499999996,NaN
667,-42646.89999999966,NaN
668,-39524.70000000036,NaN
669,205110.65000000026,NaN
670,-68844.25000000032,NaN
671,6393.199999999895,NaN
672,47427.69999999998,NaN
673,-62161.40000000002,NaN
674,96221.34999999989,NaN
675,2294.8499999999767,NaN
676,-9887.699999999953,NaN
677,-178433.2999999996,NaN
678,-5003.249999999782,NaN
679,139733.84999999971,NaN
680,209822.60000000038,NaN
681,7514.899999999921,NaN
682,-8265.899999999776,NaN
683,-16514.150000000198,NaN
684,97997.64999999963,NaN
685,9807.39999999995,NaN
686,-52381.39999999985,NaN
687,-39396.650000000416,NaN
688,69168.45000000007,NaN
689,-93736.30000000005,NaN
690,16582.700000000186,NaN
691,-91857.84999999986,NaN
692,-54960.299999999945,NaN
693,-69695.04999999977,NaN
694,41721.35000000021,NaN
695,69361.79999999994,NaN
696,132543.5,NaN
697,61825.69999999972,NaN
698,-7035.200000000012,NaN
699,-11503.04999999961,NaN
700,-13502.200000000186,NaN
701,76015.94999999978,NaN
702,81831.25000000015,NaN
703,45725.60000000021,NaN
704,18845.349999999948,NaN
705,-13808.549999999712,NaN
706,45433.850000000675,NaN
707,-78713.55000000032,NaN
708,-33428.79999999987,NaN
709,80205.90000000005,NaN
710,14853.799999999668,NaN
711,-105427.09999999971,NaN
712,3412.9000000001106,NaN
713,157184.5499999998,NaN
714,53016.10000000059,NaN
715,-5601.749999999767,NaN
716,53937.10000000009,NaN
717,-16896.149999999907,NaN
718,-54652.050000000105,NaN
719,-41382.20000000007,NaN
720,-49811.20000000011,NaN
721,-144333.40000000026,NaN
722,-10413.899999999849,NaN
723,-70206.19999999998,NaN
724,23431.449999999895,NaN
725,12668.500000000116,NaN
726,19697.65000000014,NaN
727,33572.20000000007,NaN
728,-139016.5999999995,NaN
729,85349.44999999976,NaN
730,-57613.4500000001,NaN
731,-7124.750000000262,NaN
732,47991.149999999776,NaN
733,-61532.049999999814,NaN
734,-12366.40000000014,NaN
735,1907.1499999999069,NaN
736,-14019.74999999984,NaN
737,-25050.699999999822,NaN
738,-596.550000000163,NaN
739,143077.39999999997,NaN
740,-12404.049999999814,NaN
741,97629.09999999977,NaN
742,17813.70000000039,NaN
743,-42894.10000000009,NaN
744,-64960.60000000041,NaN
745,-15879.39999999934,NaN
746,34806.00000000023,NaN
747,-38448.900000000314,NaN
748,4287.550000000003,NaN
749,390.55000000017753,NaN
750,-46684.100000000326,NaN
751,-31008.449999999793,NaN
752,-53705.199999999866,NaN
753,-20855.399999999907,NaN
754,-46561.00000000041,NaN
755,-79264.70000000004,NaN
756,3270.649999999805,NaN
757,-34145.29999999952,NaN
758,-395594.45,NaN
759,79847.24999999953,NaN
760,4293.899999999921,NaN
761,85257.85000000027,NaN
762,73759.25000000015,NaN
763,22319.74999999994,NaN
764,61371.45000000042,NaN
765,39932.25,NaN
766,-59715.699999999895,NaN
767,58462.800000000396,NaN
768,135005.64999999994,NaN
769,-117285.30000000005,NaN
770,-63240.800000000105,NaN
771,-75148.89999999973,NaN
772,41270.54999999949,NaN
773,24555.49999999994,NaN
774,-37735.19999999995,NaN
775,68449.75,NaN
776,66072.19999999972,NaN
777,-59455.09999999995,NaN
778,-32196.75000000029,NaN
779,-2291.950000000157,NaN
780,63138.25000000041,NaN
781,-73766.35000000015,NaN
782,-41342.24999999968,NaN
783,-18489.500000000407,NaN
784,14154.000000000058,NaN
785,4293.550000000512,NaN
786,-71070.25000000004,NaN
787,3732.1500000000524,NaN
788,-107567.10000000021,NaN
789,-66135.10000000003,NaN
790,-179563.69999999966,NaN
791,-3365.2500000002474,NaN
792,119490.55000000018,NaN
793,12167.400000000096,NaN
794,-102323.90000000005,NaN
795,-81998.64999999988,NaN
796,-8231.099999999846,NaN
797,-153937.70000000036,NaN
798,-43103.14999999959,NaN
799,110543.90000000008,NaN
800,73216.19999999995,NaN
801,-4483.549999999857,NaN
802,-94924.34999999986,NaN
803,-120758.40000000011,NaN
804,166329.5499999998,NaN
805,94564.84999999974,NaN
806,81274.20000000007,NaN
807,49962.94999999979,NaN
808,4339.650000000111,NaN
809,77018.50000000012,NaN
810,-12059.350000000064,NaN
811,-152240.75,NaN
812,-177779.95000000027,NaN
813,-11797.399999999587,NaN
814,62255.20000000013,NaN
815,11078.650000000474,NaN
816,17459.500000000087,NaN
817,-41193.30000000022,NaN
818,140010.3000000003,NaN
819,-51066.50000000007,NaN
820,-193342.20000000007,NaN
821,-88212.85000000008,NaN
822,-172554.55000000054,NaN
823,159273.79999999993,NaN
824,-62911.34999999983,NaN
825,56534.049999999756,NaN
826,-60704.75000000016,NaN
827,-192323.39999999973,NaN
828,-30215.94999999978,NaN
829,-85911.25000000058,NaN
830,216126.14999999988,NaN
831,52652.699999999604,NaN
832,55864.50000000073,NaN
833,102840.29999999989,NaN
834,-57691.00000000003,NaN
835,8009.049999999828,NaN
836,34711.45000000007,NaN
837,-121462.69999999937,NaN
838,78677.4999999996,NaN
839,-88421.49999999997,NaN
840,-51339.90000000014,NaN
841,53592.050000000294,NaN
842,38386.9999999993,NaN
843,70276.09999999967,NaN
844,292457.65000000014,NaN
845,-116899.25000000016,NaN
846,-33251.699999999866,NaN
847,51807.000000000466,NaN
848,-1356.3500000003842,NaN
849,69192.00000000009,NaN
850,8281.199999999953,NaN
851,-101451.90000000017,NaN
852,-104187.75000000009,NaN
853,-44956.300000000076,NaN
854,-20159.34999999992,NaN
855,-22030.400000000256,NaN
856,-76601.55000000054,NaN
857,-26330.099999999642,NaN
858,-130625.50000000045,NaN
859,14242.55000000009,NaN
860,-86863.39999999944,NaN
861,-40240.05000000005,NaN
862,-102166.24999999999,NaN
863,268771.89999999973,NaN
864,-50871.999999999694,NaN
865,6594.949999999837,NaN
866,199223.8500000002,NaN
867,118442.95000000035,NaN
868,12843.25000000035,NaN
869,12786.199999999953,NaN
870,-183611.40000000023,NaN
871,-5245.2499999993015,NaN
872,-184936.4,NaN
873,97496.54999999986,NaN
874,-22437.300000000367,NaN
875,13783.050000000105,NaN
876,-70761.35,NaN
877,1797.0499999994936,NaN
878,-103642.70000000022,NaN
879,138059.70000000036,NaN
880,17375.299999999814,NaN
881,-22267.5999999997,NaN
882,3517.5,NaN
883,-14856.64999999979,NaN
884,-83889.24999999993,NaN
885,10958.550000000032,NaN
886,-35459.09999999995,NaN
887,-80619.55000000019,NaN
888,129083.44999999981,NaN
889,44009.199999999924,NaN
890,-47764.949999999604,NaN
891,56000.700000000186,NaN
892,-13105.150000000373,NaN
893,11451.099999999336,NaN
894,148099.20000000024,NaN
895,133713.4499999999,NaN
896,25780.7999999998,NaN
897,30095.350000000326,NaN
898,6777.6499999999505,NaN
899,136897.30000000005,NaN
900,-24149.999999999913,NaN
901,109440.89999999983,NaN
902,-77661.7999999999,NaN
903,-76181.20000000029,NaN
904,126024.90000000015,NaN
905,14516.35000000005,NaN
906,36674.14999999972,NaN
907,-136368.39999999962,NaN
908,200581.34999999954,NaN
909,71954.8999999999,NaN
910,58708.15000000037,NaN
911,-66545.54999999984,NaN
912,42844.799999999945,NaN
913,6107.5999999996275,NaN
914,122954.50000000044,NaN
915,-11357.849999999802,NaN
916,-105604.89999999938,NaN
917,42037.95000000027,NaN
918,80349.04999999981,NaN
919,47633.29999999984,NaN
920,-113338.09999999995,NaN
921,6278.849999999948,NaN
922,112727.6500000006,NaN
923,-164901.89999999982,NaN
924,-42730.899999999674,NaN
925,22522.55000000031,NaN
926,-144130.9000000005,NaN
927,123013.04999999976,NaN
928,27763.50000000061,NaN
929,10922.64999999915,NaN
930,-46903.199999999764,NaN
931,-5952.79999999961,NaN
932,-98464.1500000002,NaN
933,-94947.99999999988,NaN
934,-5771.200000000186,NaN
935,102698.8999999997,NaN
936,41387.300000000076,NaN
937,96447.79999999968,NaN
938,56855.00000000006,NaN
939,-114404.75000000023,NaN
940,25523.65000000014,NaN
941,52682.59999999998,NaN
942,32331.050000000512,NaN
943,19378.549999999785,NaN
944,-66169.95,NaN
945,8903.949999999895,NaN
946,-84649.50000000007,NaN
947,40458.09999999998,NaN
948,-80280.90000000002,NaN
949,-11688.099999999991,NaN
950,109219.90000000021,NaN
951,-7216.90000000046,NaN
952,93884.30000000016,NaN
953,37428.60000000012,NaN
954,-163471.3500000001,NaN
955,19173.75,NaN
956,-24388.20000000001,NaN
957,113393.95000000023,NaN
958,-65398.05000000019,NaN
959,20105.450000000186,NaN
960,95128.55000000013,NaN
961,36598.100000000064,NaN
962,-38837.35000000009,NaN
963,-41725.59999999998,NaN
964,-132947.50000000003,NaN
965,41044.30000000019,NaN
966,-31950.75000000067,NaN
967,-21184.649999999732,NaN
968,26434.89999999982,NaN
969,23525.00000000032,NaN
970,10773.500000000058,NaN
971,-6097.4500000004045,NaN
972,-37254.550000000105,NaN
973,-98797.04999999992,NaN
974,2297.7000000000116,NaN
975,-45266.69999999981,NaN
976,91487.04999999987,NaN
977,-22286.449999999924,NaN
978,-139571.24999999997,NaN
979,-33615.30000000028,NaN
980,33970.79999999958,NaN
981,-122315.95000000017,NaN
982,-20471.800000000047,NaN
983,12082.900000000605,NaN
984,25307.000000000262,NaN
985,-71554.25000000003,NaN
986,-21899.500000000044,NaN
987,147212.9,NaN
988,10717.95000000007,NaN
989,103159.70000000048,NaN
990,-42506.70000000045,NaN
991,15944.05000000028,NaN
992,4897.550000000105,NaN
993,5602.8499999999185,NaN
994,-68046.90000000029,NaN
995,14433.450000000375,NaN
996,141176.39999999982,NaN
997,-5984.799999999988,NaN
998,35159.60000000015,NaN
999,-2900.600000000035,NaN
1000,91986.90000000002,NaN
1001,-19434.000000000247,NaN
1002,-37380.94999999988,NaN
1003,120879.65000000011,NaN
1004,-68746.40000000014,NaN
1005,45274.90000000037,NaN
1006,-22798.99999999965,NaN
1007,11347.199999999953,NaN
1008,-73877.44999999963,NaN
1009,-48599.00000000012,NaN
1010,-18313.30000000009,NaN
1011,43930.099999999846,NaN
1012,-2851.9499999999534,NaN
1013,159951.7999999997,NaN
1014,-594.2499999997526,NaN
1015,49682.3499999998,NaN
1016,22920.350000000195,NaN
1017,31432.149999999936,NaN
1018,-34213.2000000002,NaN
1019,-13021.24999999965,NaN
1020,106478.39999999985,NaN
1021,-97318.6499999999,NaN
1022,-37984.8,NaN
1023,-50629.34999999966,NaN
1024,-46645.20000000001,NaN
1025,54382.85000000005,NaN
1026,13157.550000000396,NaN
1027,51068.24999999991,NaN
1028,-14565.699999999924,NaN
1029,-128689.24999999985,NaN
1030,30298.449999999837,NaN
1031,-33131.899999999674,NaN
1032,-37098.10000000009,NaN
1033,102286.85000000005,NaN
1034,47151.399999999994,NaN
1035,9098.29999999961,NaN
1036,3970.9500000003027,NaN
1037,15223.649999999441,NaN
1038,-9923.349999999511,NaN
1039,15509.049999999814,NaN
1040,33213.59999999998,NaN
1041,50687.4500000001,NaN
1042,38108.349999999875,NaN
1043,56409.249999999956,NaN
1044,-3316.099999999744,NaN
1045,-12010.749999999709,NaN
1046,-101701.89999999995,NaN
1047,-31821.75,NaN
1048,-6674.9500000005355,NaN
1049,499.24999999967986,NaN
1050,26260.049999999872,NaN
1051,-37467.600000000166,NaN
1052,-18022.14999999998,NaN
1053,-79399.9000000004,NaN
1054,-62592.89999999991,NaN
1055,21238.34999999992,NaN
1056,-60400.55000000034,NaN
1057,18044.050000000076,NaN
1058,4602.799999999916,NaN
1059,-49039.65000000002,NaN
1060,-22764.299999999726,NaN
1061,120429.80000000005,NaN
1062,38627.74999999971,NaN
1063,70726.5999999996,NaN
1064,48431.100000000326,NaN
1065,36225.10000000012,NaN
1066,3903.7499999998836,NaN
1067,170183.3000000002,NaN
1068,-108399.45000000022,NaN
1069,-48303.8,NaN
1070,-2873.1499999999505,NaN
1071,129628.40000000013,NaN
1072,-3642.050000000687,NaN
1073,47682.19999999998,NaN
1074,-25580.699999999953,NaN
1075,45446.34999999982,NaN
1076,140035.84999999992,NaN
1077,88995.9500000001,NaN
1078,-9894.749999999825,NaN
1079,15654.799999999916,NaN
1080,958.1499999996886,NaN
1081,-92527.49999999994,NaN
1082,-1637.0999999999767,NaN
1083,-29562.30000000028,NaN
1084,65082.74999999994,NaN
1085,-4691.29999999993,NaN
1086,31836.04999999983,NaN
1087,-48783.000000000015,NaN
1088,10387.349999999919,NaN
1089,34127.650000000256,NaN
1090,-29994.900000000096,NaN
1091,-4690.850000000093,NaN
1092,-64602.09999999979,NaN
1093,7365.85000000018,NaN
1094,-76226.04999999987,NaN
1095,46565.54999999987,NaN
1096,-87035.19999999984,NaN
1097,119129.49999999994,NaN
1098,20692.54999999967,NaN
1099,61556.40000000014,NaN
1100,-26808.10000000005,NaN
1101,-29485.549999999756,NaN
1102,36072.39999999975,NaN
1103,-13265.2000000002,NaN
1104,-33719.750000000204,NaN
1105,-16855.000000000146,NaN
1106,3902.8499999998166,NaN
1107,-89630.19999999991,NaN
1108,-66993.80000000008,NaN
1109,-20732.250000000044,NaN
1110,-45701.899999999965,NaN
1111,87662.15000000004,NaN
1112,43987.649999999674,NaN
1113,-21534.44999999975,NaN
1114,50298.89999999991,NaN
1115,86476.54999999999,NaN
1116,25301.90000000008,NaN
1117,78092.09999999998,NaN
1118,13852.799999999785,NaN
1119,-22015.900000000416,NaN
1120,89463.35000000024,NaN
1121,51588.750000000146,NaN
1122,13912.649999999587,NaN
1123,-32839.79999999999,NaN
1124,-47766.799999999814,NaN
1125,27095.30000000009,NaN
1126,-109299.1500000002,NaN
1127,98144.85000000052,NaN
1128,57500.24999999991,NaN
1129,58570.25000000006,NaN
1130,24711.800000000512,NaN
1131,14442.349999999919,NaN
1132,-83351.54999999946,NaN
1133,-5188.800000000192,NaN
1134,26852.850000000602,NaN
1135,-19709.70000000058,NaN
1136,26528.099999999977,NaN
1137,19627.49999999984,NaN
1138,69773.34999999987,NaN
1139,10442.849999999744,NaN
1140,-26036.64999999966,NaN
1141,-29563.400000000373,NaN
1142,-6928.799999999988,NaN
1143,-3630.1500000003725,NaN
1144,-44771.84999999957,NaN
1145,1419.0499999999884,NaN
1146,-77379.40000000059,NaN
1147,61333.00000000023,NaN
1148,50053.950000000186,NaN
1149,-101379.74999999956,NaN
1150,-2482.3500000000495,NaN
1151,6686.150000000416,NaN
1152,30733.899999999994,NaN
1153,-95277.20000000027,NaN
1154,-31951.95000000001,NaN
1155,-29601.64999999985,NaN
1156,84201.30000000013,NaN
1157,41277.600000000006,NaN
1158,-45193.40000000017,NaN
1159,5925.6999999998225,NaN
1160,37406.450000000186,NaN
1161,-29833.60000000053,NaN
1162,-25040.750000000175,NaN
1163,-50034.150000000416,NaN
1164,39484.150000000125,NaN
1165,-40925.699999999764,NaN
1166,-71014.99999999974,NaN
1167,42611.04999999973,NaN
1168,7884.100000000151,NaN
1169,-35266.04999999958,NaN
1170,680.3000000000466,NaN
1171,-24091.149999999936,NaN
1172,10931.699999999866,NaN
1173,62356.29999999993,NaN
1174,-6993.049999999872,NaN
1175,-102958.45000000008,NaN
1176,-40691.449999999924,NaN
1177,-10066.299999999697,NaN
1178,-123946.09999999977,NaN
1179,42330.75000000009,NaN
1180,-48051.55000000016,NaN
1181,44021.99999999977,NaN
1182,-123007.60000000037,NaN
1183,77978.55000000019,NaN
1184,45287.09999999989,NaN
1185,18422.0,NaN
1186,49827.499999999796,NaN
1187,-28813.799999999785,NaN
1188,-44587.99999999991,NaN
1189,-86956.10000000108,NaN
1190,6092.550000000105,NaN
1191,14795.150000000067,NaN
1192,-584.0999999997439,NaN
1193,-45989.500000000146,NaN
1194,-73565.60000000031,NaN
1195,-55722.04999999987,NaN
1196,17144.700000000055,NaN
1197,-51794.05,NaN
1198,30981.750000000204,NaN
1199,123894.84999999934,NaN
1200,-9477.849999999831,NaN
1201,19612.299999999814,NaN
1202,-110354.70000000019,NaN
1203,-96078.10000000005,NaN
1204,-27448.35000000008,NaN
1205,57771.9000000002,NaN
1206,-41136.80000000028,NaN
1207,19987.100000000442,NaN
1208,-16952.50000000032,NaN
1209,55418.549999999814,NaN
1210,-1739.3999999998778,NaN
1211,94364.49999999988,NaN
1212,21239.45000000026,NaN
1213,48535.450000000055,NaN
1214,58373.75000000023,NaN
1215,6451.3499999996275,NaN
1216,49604.04999999993,NaN
1217,11825.89999999947,NaN
1218,54898.59999999998,NaN
1219,-15335.699999999546,NaN
1220,8869.55000000028,NaN
1221,43073.39999999941,NaN
1222,80164.10000000059,NaN
1223,58679.20000000007,NaN
1224,37794.199999999895,NaN
1225,18058.54999999974,NaN
1226,101987.50000000017,NaN
1227,28481.19999999969,NaN
1228,-139332.7499999998,NaN
1229,7544.9000000000815,NaN
1230,88692.64999999986,NaN
1231,12373.599999999962,NaN
1232,-50223.20000000013,NaN
1233,-13731.900000000023,NaN
1234,-17078.249999999898,NaN
1235,54574.54999999993,NaN
1236,-52772.84999999992,NaN
1237,-37680.49999999994,
1238,115175.7499999999,
1239,53939.35000000015,
1240,15269.100000000355,
1241,-15587.999999999607,
1242,-173375.25000000017,
1243,-65469.09999999986,
1244,-17331.5,
1245,-3618.849999999773,
1246,14313.899999999761,
1247,-22557.449999999488,
1248,-26479.70000000042,
1249,-177988.59999999963,
1250,-119185.04999999958,
1251,103740.90000000002,
1252,197906.30000000028,
1253,-20871.350000000006,
1254,-26690.800000000338,
1255,105741.64999999997,
1256,-206401.49999999988,
1257,-81256.89999999973,
1258,-31270.15000000049,
1259,112939.49999999983,
1260,-21345.050000000047,
1261,44881.94999999966,
1262,91791.40000000029,
1263,42713.95000000016,
1264,-2945.549999999581,
1265,-87849.69999999998,
1266,113961.99999999959,
1267,26197.350000000064,
1268,28869.099999999424,
1269,29278.25,
1270,-15293.39999999979,
1271,129403.3999999999,
1272,4214.50000000048,
1273,84825.2,
1274,-19085.650000000096,
1275,8555.650000000169,
1276,63889.699999999575,
1277,8061.00000000016,
1278,37372.85000000012,
1279,79019.40000000043,
1280,-46093.50000000026,
1281,-110688.60000000027,
1282,-102626.55000000022,
1283,-113243.19999999984,
1284,-143308.7999999997,
1285,66893.44999999962,
1286,-78856.5999999999,
1287,-16243.199999999837,
1288,18253.94999999927,
1289,-98000.09999999992,
1290,-11579.849999999627,
1291,158820.80000000005,
1292,122405.99999999913,
1293,-35301.64999999985,
1294,181801.9500000002,
1295,-226352.75000000017,
1296,-1122.449999999968,
1297,-19429.999999999884,
1298,-160504.14999999982,
1299,311688.0000000002,
1300,61066.0999999998,
1301,15819.799999999988,
1302,-180106.65000000008,
1303,52670.450000000186,
1304,152985.10000000003,
1305,-5257.849999999802,
1306,150989.49999999994,
1307,-205754.29999999987,
1308,87336.99999999991,
1309,78568.79999999992,
1310,-4926.400000000125,
1311,169471.80000000028,
1312,36396.450000000186,
1313,-59740.649999999994,
1314,-22308.89999999976,
1315,14677.199999999371,
1316,52612.14999999979,
1317,39453.50000000023,
1318,129510.0,
1319,-75765.79999999981,
1320,61524.950000000186,
1321,-78355.15000000018,
1322,77785.00000000028,
1323,7475.299999999843,
1324,-82410.15000000002,
1325,-60986.79999999999,
1326,-16376.40000000011,
1327,117039.54999999993,
1328,69697.70000000013,
1329,95154.64999999979,
1330,-5480.699999999837,
1331,23162.30000000009,
1332,-35508.64999999991,
1333,-58462.0499999999,
1334,-77682.19999999975,
1335,38454.699999999866,
1336,-7535.14999999982,
1337,119788.1999999995,
1338,26768.34999999951,
1339,-52628.20000000016,
1340,-6364.850000000093,
1341,-23507.050000000454,
1342,-108991.84999999963,
1343,-97522.1000000006,
1344,76473.50000000022,
1345,106039.55000000016,
1346,58914.800000000105,
1347,-49006.149999999776,
1348,39398.90000000037,
1349,-39507.00000000032,
1350,-38199.85000000009,
1351,29714.899999999936,
1352,19661.399999999965,
1353,-105960.7500000002,
1354,8844.899999999907,
1355,16834.1500000004,
1356,34269.30000000028,
1357,161734.0499999998,
1358,88347.6,
1359,-114733.64999999997,
1360,-81781.00000000009,
1361,-26848.09999999986,
1362,37585.90000000008,
1363,-7067.350000000326,
1364,14752.199999999866,
1365,47157.900000000314,
1366,64198.04999999977,
1367,-14527.45000000036,
1368,23600.450000000128,
1369,-89268.19999999931,
1370,-2480.7000000001426,
1371,-4887.349999999817,
1372,67437.55000000005,
1373,52855.699999999764,
1374,-30291.249999999767,
1375,-74837.95000000016,
1376,-45449.25000000026,
1377,-17049.500000000335,
1378,10217.50000000035,
1379,40695.39999999985,
1380,37784.34999999977,
1381,31484.9000000003,
1382,90883.24999999993,
1383,-33446.84999999967,
1384,-8218.949999999953,
1385,49627.94999999984,
1386,-19143.90000000014,
1387,11518.800000000221,
1388,-11245.499999999884,
1389,-72754.44999999984,
1390,-25196.600000000122,
1391,-11890.25000000003,
1392,-44385.65000000011,
1393,-5260.64999999979,
1394,-58474.39999999979,
1395,5321.899999999703,
1396,5145.350000000151,
1397,-13097.14999999979,
1398,39802.84999999992,
1399,18406.04999999996,
1400,-76606.9499999996,
1401,61090.14999999979,
1402,14842.650000000183,
1403,42033.80000000034,
1404,1007.5499999996682,
1405,-56362.89999999998,
1406,-77197.30000000013,
1407,58229.349999999686,
1408,-47293.75,
1409,-69497.24999999977,
1410,59372.34999999986,
1411,-159633.20000000007,
1412,10234.299999999756,
1413,38095.999999999956,
1414,69902.60000000027,
1415,156.94999999992433,
1416,29419.549999999814,
1417,-30803.749999999767,
1418,-39278.299999999756,
1419,-115879.60000000006,
1420,19136.599999999948,
1421,-36918.2,
1422,2832.6000000001077,
1423,5903.799999999843,
1424,-57739.5499999997,
1425,40733.45000000001,
1426,4685.750000000175,
1427,58352.35000000009,
1428,20293.000000000204,
1429,163246.79999999987,
1430,40437.10000000011,
1431,186798.75,
1432,32466.750000000204,
1433,112026.30000000008,
1434,65363.94999999965,
1435,-79684.4999999996,
1436,-101457.29999999993,
1437,-2502.649999999907,
1438,17747.300000000105,
1439,11238.100000000253,
1440,40156.39999999982,
1441,107235.1499999999,
1442,-7209.699999999371,
1443,76763.84999999998,
1444,-40539.69999999978,
1445,30145.999999999724,
1446,-8023.9999999997235,
1447,52518.6500000003,
1448,22204.40000000014,
1449,92820.94999999995,
1450,161395.59999999998,
1451,-44917.200000000055,
1452,-61317.749999999534,
1453,20875.049999999814,
1454,7075.450000000012,
1455,-23544.99999999971,
1456,80587.89999999982,
1457,-39141.74999999991,
1458,-16151.600000000442,
1459,-114739.74999999942,
1460,37368.04999999987,
1461,140825.84999999986,
1462,38426.30000000028,
1463,12956.800000000367,
1464,311.3000000001921,
1465,-38267.2000000003,
1466,-34379.24999999988,
1467,-58764.75000000006,
1468,-59220.79999999926,
1469,-38960.65000000008,103000.00000000017
1470,140317.60000000003,102838.75000000003
1471,20879.849999999453,103000.00000000017
1472,-86189.35000000021,103000.00000000017
1473,19237.800000000047,103000.00000000017
1474,146872.95000000054,103000.00000000017
1475,69067.5500000004,103000.00000000017
1476,19574.999999999767,103000.00000000017
1477,23683.199999999633,102838.75000000003
1478,-17028.899999999936,102768.04999999993
1479,-21304.150000000314,102768.04999999993
1480,60044.20000000001,102697.09999999971
1481,96581.64999999947,102697.09999999971
1482,37324.34999999973,102697.09999999971
1483,-11965.549999999916,102697.09999999971
1484,-46746.9999999993,102491.0749999999
1485,-62439.9500000002,102278.77499999988
1486,52833.150000000605,102129.09999999995
1487,-32996.250000000495,102129.09999999995
1488,22747.000000000204,102129.09999999995
1489,-13051.350000000137,101203.84999999996
1490,7611.4000000000815,101203.84999999996
1491,70457.29999999968,101203.84999999996
1492,64072.949999999895,101203.84999999996
1493,151835.75000000035,101203.84999999996
1494,13596.949999999924,102129.09999999995
1495,25240.549999999974,102129.09999999995
1496,39971.30000000051,102129.09999999995
1497,-122000.20000000008,102129.09999999995
1498,84778.35000000027,102129.09999999995
1499,-101107.69999999995,102129.09999999995
1500,5405.399999999674,102129.09999999995
1501,20348.250000000233,102129.09999999995
1502,25726.700000000303,102129.09999999995
1503,44625.94999999998,102129.09999999995
1504,-43440.44999999962,101203.84999999996
1505,-86329.30000000002,101203.84999999996
1506,60303.15000000005,101203.84999999996
1507,-6296.550000000047,101203.84999999996
1508,-3963.949999999546,101203.84999999996
1509,-1868.6000000000786,100267.17499999961
1510,79848.69999999949,99924.04999999987
1511,138455.40000000043,99924.04999999987
1512,59233.75000000023,99924.04999999987
1513,-40651.499999999956,99672.62500000041
1514,-1088.9000000001106,99672.62500000041
1515,30878.850000000253,99672.62500000041
1516,-97728.90000000013,99519.20000000032
1517,40279.650000000256,99074.32500000014
1518,32758.449999999677,99074.32500000014
1519,-87973.84999999996,99074.32500000014
1520,66544.15000000005,99074.32500000014
1521,22196.949999999968,99074.32500000014
1522,111017.44999999992,98433.20000000033
1523,94062.60000000027,98433.20000000033
1524,-44734.29999999977,98433.20000000033
1525,12060.949999999895,98433.20000000033
1526,83644.59999999995,98433.20000000033
1527,75857.45000000013,98433.20000000033
1528,63687.000000000204,98433.20000000033
1529,-70882.54999999999,98071.25000000007
1530,-37938.2999999998,98071.25000000007
1531,66455.0999999998,97813.37499999971
1532,-29297.649999999674,97813.37499999971
1533,-139661.54999999952,97813.37499999971
1534,136356.59999999963,97562.82499999981
1535,71655.19999999998,97813.37499999971
1536,-80713.55000000005,97813.37499999971
1537,-23931.100000000297,97813.37499999971
1538,-65598.65000000014,97562.82499999981
1539,6944.700000000012,97562.82499999981
1540,5979.350000000195,97562.82499999981
1541,-33138.299999999945,97562.82499999981
1542,-6976.100000000501,97562.82499999981
1543,35408.499999999854,97562.82499999981
1544,-25611.199999999793,97562.82499999981
1545,-20943.500000000247,97562.82499999981
1546,9292.100000000457,97562.82499999981
1547,66632.04999999986,97039.09999999966
1548,-186537.44999999972,97039.09999999966
1549,105287.69999999966,96514.72499999957
1550,18894.85000000021,97039.09999999966
1551,-3510.5500000000466,97039.09999999966
1552,72784.34999999993,96514.72499999957
1553,32164.9499999994,96514.72499999957
1554,-12651.950000000099,96334.57499999978
1555,-50448.19999999981,95804.77500000013
1556,-21978.400000000183,95804.77500000013
1557,92668.20000000007,95804.77500000013
1558,9826.90000000027,95804.77500000013
1559,-44110.75000000006,95804.77500000013
1560,-891.4999999999272,95804.77500000013
1561,-29632.000000000335,95804.77500000013
1562,-82617.69999999998,95804.77500000013
1563,-61242.29999999987,95804.77500000013
1564,6864.600000000166,95804.77500000013
1565,71302.69999999987,95804.77500000013
1566,38974.34999999989,95271.42500000008
1567,24983.050000000076,95271.42500000008
1568,-73722.14999999912,95271.42500000008
1569,16147.349999999336,95271.42500000008
1570,-99082.20000000001,95271.42500000008
1571,91424.39999999988,95141.59999999996
1572,28452.39999999998,95141.59999999996
1573,-8061.200000000128,95141.59999999996
1574,-40223.19999999968,95141.59999999996
1575,-116095.40000000031,95141.59999999996
1576,-8702.349999999977,95141.59999999996
1577,112231.89999999956,95141.59999999996
1578,-162360.39999999967,95141.59999999996
1579,9591.999999999796,95141.59999999996
1580,-23207.34999999986,95141.59999999996
1581,-151771.75,95141.59999999996
1582,-35779.45000000027,95141.59999999996
1583,113482.00000000016,95141.59999999996
1584,38340.35000000009,95271.42500000008
1585,4992.4999999997235,95141.59999999996
1586,28489.700000000186,94959.74999999997
1587,-33485.55000000005,94959.74999999997
1588,27156.75,94677.89999999978
1589,171269.7000000002,94677.89999999978
1590,85097.70000000007,94677.89999999978
1591,29266.350000000064,94677.89999999978
1592,3514.9000000003143,94677.89999999978
1593,-79983.99999999997,94677.89999999978
1594,-4024.0499999996973,94677.89999999978
1595,5441.500000000116,94677.89999999978
1596,-48670.299999999814,94677.89999999978
1597,26707.65000000014,94677.89999999978
1598,7129.650000000125,94677.89999999978
1599,77246.75000000023,94677.89999999978
1600,7490.0,94677.89999999978
1601,-43587.900000000096,94677.89999999978
1602,-16996.79999999999,94677.89999999978
1603,42721.40000000002,94464.67499999981
1604,86744.0500000001,94464.67499999981
1605,69166.69999999998,94464.67499999981
1606,-92273.24999999959,94464.67499999981
1607,92693.6999999998,94464.67499999981
1608,26411.299999999464,94464.67499999981
1609,36475.150000000314,94464.67499999981
1610,-49678.549999999756,94464.67499999981
1611,51753.950000000186,94464.67499999981
1612,-21978.05000000028,94464.67499999981
1613,37791.149999999805,94464.67499999981
1614,-18352.199999999837,94464.67499999981
1615,-32845.20000000014,94464.67499999981
1616,-91291.10000000031,94464.67499999981
1617,1256.0500000000757,94464.67499999981
1618,40799.40000000033,94464.67499999981
1619,-55081.0,94464.67499999981
1620,-51130.74999999977,94213.55000000008
1621,-163959.09999999971,94213.55000000008
1622,-18555.20000000004,94213.55000000008
1623,143802.4500000003,94213.55000000008
1624,55126.900000000416,94464.67499999981
1625,5504.050000000047,94464.67499999981
1626,-50557.65000000056,94213.55000000008
1627,-72939.05000000008,94213.55000000008
1628,19170.850000000093,94213.55000000008
1629,96950.4500000004,94213.55000000008
1630,-6329.850000000239,94464.67499999981
1631,18423.90000000017,94464.67499999981
1632,2978.4999999992433,94464.67499999981
1633,34289.2000000003,94464.67499999981
1634,-48376.40000000008,94464.67499999981
1635,-112860.29999999999,94464.67499999981
1636,-93525.0499999999,94464.67499999981
1637,105762.54999999981,94464.67499999981
1638,45082.899999999674,94677.89999999978
1639,-26372.600000000093,94677.89999999978
1640,15518.050000000047,94677.89999999978
1641,-183940.5499999997,94677.89999999978
1642,44811.04999999984,94677.89999999978
1643,-20224.099999999627,94677.89999999978
1644,25304.799999999814,94677.89999999978
1645,124510.09999999969,94677.89999999978
1646,-84548.80000000015,94677.89999999978
1647,-23227.150000000023,94677.89999999978
1648,21444.150000000314,94677.89999999978
1649,26751.499999999724,94677.89999999978
1650,30373.95000000042,94677.89999999978
1651,85949.64999999976,94677.89999999978
1652,-70197.90000000034,94677.89999999978
1653,68055.84999999986,94677.89999999978
1654,43839.25000000009,94677.89999999978
1655,76034.0000000005,94677.89999999978
1656,-66366.09999999989,94464.67499999981
1657,4085.149999999994,94464.67499999981
1658,-50273.69999999998,94464.67499999981
1659,46500.049999999304,94464.67499999981
1660,35944.74999999981,94464.67499999981
1661,62319.30000000063,94464.67499999981
1662,37637.20000000027,94464.67499999981
1663,670.9499999999971,94464.67499999981
1664,36205.49999999993,94213.55000000008
1665,37513.19999999991,94213.55000000008
1666,28249.050000000396,94213.55000000008
1667,-72998.65000000002,94213.55000000008
1668,10105.049999999988,94213.55000000008
1669,7327.250000000029,94213.55000000008
1670,-75074.35000000018,94213.55000000008
1671,109918.80000000016,94213.55000000008
1672,-164714.75000000023,94464.67499999981
1673,-30606.199999999953,94464.67499999981
1674,41081.69999999952,94464.67499999981
1675,-78876.90000000017,94464.67499999981
1676,-66602.94999999998,94464.67499999981
1677,-169901.39999999988,94464.67499999981
1678,-28388.050000000017,94464.67499999981
1679,-108704.69999999995,94464.67499999981
1680,104281.19999999995,94213.55000000008
1681,-99355.50000000012,94464.67499999981
1682,-100724.04999999996,94213.55000000008
1683,167881.4000000001,94213.55000000008
1684,-54083.69999999998,94464.67499999981
1685,-592973.4999999998,94464.67499999981
1686,-56150.450000000186,94464.67499999981
1687,35195.75000000023,94464.67499999981
1688,-53867.699999999866,94464.67499999981
1689,3813.050000000454,94464.67499999981
1690,-81897.64999999956,94464.67499999981
1691,48054.14999999947,94464.67499999981
1692,-19634.94999999978,94464.67499999981
1693,-39333.899999999994,94464.67499999981
1694,87761.19999999972,94464.67499999981
1695,108696.65000000007,94464.67499999981
1696,49736.600000000195,94677.89999999978
1697,65685.64999999969,94677.89999999978
1698,24625.750000000233,94677.89999999978
1699,-44795.79999999993,94677.89999999978
1700,13093.249999999418,94677.89999999978
1701,-10568.74999999949,94677.89999999978
1702,2461.0500000000466,94677.89999999978
1703,18296.449999999953,94677.89999999978
1704,-81060.70000000019,94677.89999999978
1705,-59118.84999999983,94677.89999999978
1706,6409.849999999948,94677.89999999978
1707,-5701.849999999395,94677.89999999978
1708,-80361.0000000004,94677.89999999978
1709,-45235.69999999953,94677.89999999978
1710,16973.349999999482,94464.67499999981
1711,-45638.35000000021,94464.67499999981
1712,-51043.79999999999,94464.67499999981
1713,106540.00000000006,94464.67499999981
1714,80531.0000000001,94677.89999999978
1715,-64409.54999999968,94677.89999999978
1716,-48670.09999999983,94677.89999999978
1717,92400.59999999958,94677.89999999978
1718,80526.59999999996,94677.89999999978
1719,-110651.70000000006,94677.89999999978
1720,-42145.299999999756,94677.89999999978
1721,44108.69999999982,94677.89999999978
1722,10890.950000000099,94464.67499999981
1723,71680.89999999989,94464.67499999981
1724,20889.750000000087,94213.55000000008
1725,2716.399999999965,94213.55000000008
1726,-513.3000000002066,94213.55000000008
1727,-19901.000000000087,94213.55000000008
1728,-114640.04999999999,93973.45000000022
1729,-26552.799999999756,93973.45000000022
1730,-96952.10000000017,93973.45000000022
1731,-9744.349999999977,93973.45000000022
1732,-2458.3499999999185,93973.45000000022
1733,-1287.200000000128,93871.95000000033
1734,-158698.3500000002,93871.95000000033
1735,-94308.74999999968,93340.27500000023
1736,-19099.350000000064,93340.27500000023
1737,-10238.250000000175,93340.27500000023
1738,-54011.7,93340.27500000023
1739,14988.449999999764,93340.27500000023
1740,34270.54999999958,92757.32499999987
1741,-53358.35000000009,92757.32499999987
1742,-60372.700000000186,92757.32499999987
1743,-42798.25000000016,92757.32499999987
1744,15915.900000000081,92757.32499999987
1745,84904.09999999993,92757.32499999987
1746,27276.750000000087,92757.32499999987
1747,33403.89999999985,92757.32499999987
1748,54521.25000000007,92757.32499999987
1749,19181.250000000247,92757.32499999987
1750,-96144.2500000002,92757.32499999987
1751,-18033.24999999962,92757.32499999987
1752,-41967.80000000031,92757.32499999987
1753,-124438.79999999984,92757.32499999987
1754,8787.749999999884,92757.32499999987
1755,23948.849999999744,92757.32499999987
1756,-48863.19999999984,92757.32499999987
1757,-11808.74999999997,92757.32499999987
1758,-28843.850000000326,92757.32499999987
1759,-23129.949999999953,92757.32499999987
1760,-139397.2000000004,92757.32499999987
1761,45488.20000000027,92757.32499999987
1762,4435.749999999651,92757.32499999987
1763,70816.75000000035,92757.32499999987
1764,-47641.450000000186,92757.32499999987
1765,22370.20000000001,92757.32499999987
1766,60078.30000000035,92757.32499999987
1767,43471.10000000015,92757.32499999987
1768,28743.749999999767,92757.32499999987
1769,-54627.00000000055,92757.32499999987
1770,-4576.699999999531,92757.32499999987
1771,9455.150000000212,92757.32499999987
1772,31172.549999999872,92757.32499999987
1773,-106960.49999999988,92757.32499999987
1774,34630.49999999977,92757.32499999987
1775,-9859.950000000303,92757.32499999987
1776,20509.950000000652,92757.32499999987
1777,46957.050000000076,92757.32499999987
1778,19181.45000000004,92757.32499999987
1779,95763.49999999974,92757.32499999987
1780,5857.350000000253,93340.27500000023
1781,-30759.049999999712,93340.27500000023
1782,22947.100000000093,92757.32499999987
1783,-63980.14999999986,92757.32499999987
1784,-84122.99999999988,92757.32499999987
1785,-146747.59999999998,92757.32499999987
1786,-131809.6499999999,92757.32499999987
1787,81826.69999999995,92757.32499999987
1788,-68049.79999999986,92757.32499999987
1789,-39230.44999999984,92757.32499999987
1790,-56410.4500000003,92757.32499999987
1791,27515.749999999854,92757.32499999987
1792,43320.09999999973,92680.94999999992
1793,-310831.39999999956,92680.94999999992
1794,46853.849999999744,92680.94999999992
1795,-44396.849999999744,92534.39999999982
1796,96762.14999999997,92534.39999999982
1797,24224.999999999956,92680.94999999992
1798,-58860.50000000012,92680.94999999992
1799,-166779.90000000002,92534.39999999982
1800,-5324.0500000000175,92534.39999999982
1801,98573.60000000018,92534.39999999982
1802,-115524.34999999996,92680.94999999992
1803,-78798.20000000019,92680.94999999992
1804,16782.200000000303,92534.39999999982
1805,195145.2999999996,92534.39999999982
1806,-69882.95,92680.94999999992
1807,-21805.950000000186,92680.94999999992
1808,81721.65,92680.94999999992
1809,-30602.299999999872,92680.94999999992
1810,55681.949999999924,92680.94999999992
1811,-42472.34999999996,92680.94999999992
1812,47185.84999999932,92680.94999999992
1813,-160408.04999999955,92534.39999999982
1814,9893.55000000009,92534.39999999982
1815,5734.550000000047,92534.39999999982
1816,-32306.90000000024,92193.7499999998
1817,-78977.24999999988,92193.7499999998
1818,101250.2000000003,92193.7499999998
1819,25884.450000000186,92534.39999999982
1820,115384.95000000007,92534.39999999982
1821,108141.40000000007,92534.39999999982
1822,218358.7500000001,92680.94999999992
1823,-33340.30000000019,92757.32499999987
1824,63541.85000000031,92757.32499999987
1825,112214.39999999997,92757.32499999987
1826,-49983.15000000002,93340.27500000023
1827,52007.049999999086,92757.32499999987
1828,5244.100000000006,92757.32499999987
1829,-453.49999999995634,92680.94999999992
1830,-24803.75,92680.94999999992
1831,-56149.30000000006,92680.94999999992
1832,11598.899999999325,92680.94999999992
1833,25293.650000000285,92680.94999999992
1834,8223.999999999854,92680.94999999992
1835,-35887.000000000175,92680.94999999992
1836,28354.499999999884,92680.94999999992
1837,-53805.39999999991,92534.39999999982
1838,-61380.55000000025,92534.39999999982
1839,-36671.85000000018,92534.39999999982
1840,17759.600000000093,92534.39999999982
1841,-29735.750000000146,92534.39999999982
1842,-24757.800000000163,92534.39999999982
1843,-1199.0499999996973,92534.39999999982
1844,1766.949999999997,92534.39999999982
1845,-61428.80000000006,92534.39999999982
1846,20827.39999999947,92193.7499999998
1847,-106073.39999999944,92193.7499999998
1848,85747.1500000002,92193.7499999998
1849,107686.60000000021,92193.7499999998
1850,-128376.99999999977,92534.39999999982
1851,108869.74999999988,92534.39999999982
1852,-62985.899999999674,92680.94999999992
1853,-97652.80000000016,92680.94999999992
1854,-29528.550000000396,92534.39999999982
1855,77649.15000000017,92193.7499999998
1856,77257.60000000025,92193.7499999998
1857,-25218.300000000323,92193.7499999998
1858,97411.99999999977,92193.7499999998
1859,35936.80000000063,92534.39999999982
1860,-62895.49999999975,92534.39999999982
1861,-52523.40000000065,92534.39999999982
1862,-84655.49999999956,92193.7499999998
1863,-106992.50000000012,92193.7499999998
1864,-66236.34999999995,92193.7499999998
1865,98371.10000000012,92193.7499999998
1866,-1841.8999999998487,92534.39999999982
1867,79617.59999999999,92534.39999999982
1868,56.70000000002619,92193.7499999998
1869,-34488.7000000003,92193.7499999998
1870,90409.94999999995,92193.7499999998
1871,-53212.69999999984,91889.15000000015
1872,73309.3499999998,91889.15000000015
1873,-70282.40000000014,91889.15000000015
1874,118338.45000000054,91889.15000000015
1875,33733.09999999998,92193.7499999998
1876,6196.749999999825,92193.7499999998
1877,-19020.949999999313,92193.7499999998
1878,23566.100000000093,92193.7499999998
1879,77.30000000004657,92193.7499999998
1880,6674.300000000352,92193.7499999998
1881,-125379.8500000002,92193.7499999998
1882,51645.79999999993,92193.7499999998
1883,-95096.54999999981,92193.7499999998
1884,-158577.7000000002,91889.15000000015
1885,51876.899999999965,91889.15000000015
1886,12455.350000000268,91889.15000000015
1887,-65838.40000000049,91889.15000000015
1888,35750.75000000029,91639.22500000008
1889,-48414.64999999995,91639.22500000008
1890,-101276.15000000026,91639.22500000008
1891,-20957.05000000012,91639.22500000008
1892,14137.74999999965,91639.22500000008
1893,-159871.30000000028,91639.22500000008
1894,14108.0,91639.22500000008
1895,159524.59999999986,91639.22500000008
1896,3591.049999999901,91889.15000000015
1897,-36143.30000000005,91889.15000000015
1898,-34321.59999999913,91889.15000000015
1899,68755.34999999969,91639.22500000008
1900,29590.24999999994,91639.22500000008
1901,-128285.84999999966,91639.22500000008
1902,-69723.04999999945,91639.22500000008
1903,73060.30000000016,91639.22500000008
1904,111491.79999999987,91639.22500000008
1905,-92488.20000000007,91889.15000000015
1906,-51278.40000000008,91639.22500000008
1907,-121942.64999999975,91639.22500000008
1908,-192104.25,91639.22500000008
1909,-92489.85000000033,91639.22500000008
1910,243165.55000000013,91639.22500000008
1911,-139550.8000000004,91639.22500000008
1912,38109.00000000058,91639.22500000008
1913,141906.14999999985,91639.22500000008
1914,19117.199999999895,91889.15000000015
1915,-21415.049999999697,91889.15000000015
1916,-79779.64999999982,91639.22500000008
1917,-114079.54999999984,91455.72499999987
1918,1864.9499999998661,91455.72499999987
1919,112105.49999999994,91455.72499999987
1920,-20291.900000000198,91639.22500000008
1921,263727.8000000003,91455.72499999987
1922,156791.39999999997,91639.22500000008
1923,139226.09999999986,91889.15000000015
1924,-32201.699999999706,92193.7499999998
1925,128009.25000000023,92193.7499999998
1926,-32051.50000000019,92534.39999999982
1927,57760.00000000044,92534.39999999982
1928,11538.80000000009,92534.39999999982
1929,67661.65000000013,92534.39999999982
1930,-76832.0499999999,92534.39999999982
1931,-33851.15000000017,92534.39999999982
1932,27959.449999999735,92534.39999999982
1933,125233.45000000014,92193.7499999998
1934,54049.29999999987,92534.39999999982
1935,2160.7999999998137,92534.39999999982
1936,101995.15000000014,92534.39999999982
1937,-245496.74999999965,92680.94999999992
1938,10182.500000000378,92680.94999999992
1939,150104.15000000008,92680.94999999992
1940,8081.549999999814,92757.32499999987
1941,-13360.849999999977,92757.32499999987
1942,57454.34999999967,92757.32499999987
1943,-134716.29999999964,92757.32499999987
1944,91224.19999999963,92757.32499999987
1945,-96626.90000000053,92757.32499999987
1946,32193.250000000116,92757.32499999987
1947,177036.5999999999,92757.32499999987
1948,-27306.80000000041,93352.62500000006
1949,160276.35000000012,93352.62500000006
1950,58480.899999999834,93352.62500000006
1951,134659.55000000016,93352.62500000006
1952,-43125.19999999997,93973.45000000022
1953,-25432.950000000143,93973.45000000022
1954,-91177.35000000002,93973.45000000022
1955,140706.3000000001,93973.45000000022
1956,4401.749999999782,94213.55000000008
1957,-155217.1,94213.55000000008
1958,-9486.699999999866,94213.55000000008
1959,39149.8500000003,94213.55000000008
1960,-87951.6499999999,94213.55000000008
1961,-149034.49999999983,94213.55000000008
1962,25853.95000000033,94213.55000000008
1963,33099.4500000001,94213.55000000008
1964,38025.99999999971,94213.55000000008
1965,-36558.400000000576,94213.55000000008
1966,4237.799999999959,94213.55000000008
1967,58996.25000000006,94213.55000000008
1968,-105824.30000000018,94213.55000000008
1969,70652.74999999981,94213.55000000008
1970,-17111.649999999732,94213.55000000008
1971,13451.55000000028,94213.55000000008
1972,-90259.40000000011,94213.55000000008
1973,10952.400000000169,94213.55000000008
1974,70456.00000000025,94213.55000000008
1975,-5832.500000000393,94213.55000000008
1976,176159.24999999985,93973.45000000022
1977,81712.09999999977,94213.55000000008
1978,16916.650000000067,93973.45000000022
1979,267037.49999999953,93973.45000000022
1980,16873.749999999767,94213.55000000008
1981,-3532.7500000003056,94213.55000000008
1982,57900.55000000012,94213.55000000008
1983,-23295.74999999994,94213.55000000008
1984,15079.450000000288,94213.55000000008
1985,90635.79999999976,94213.55000000008
1986,-2498.950000000026,94213.55000000008
1987,-4118.74999999936,94213.55000000008
1988,72373.2499999998,94213.55000000008
1989,-18554.449999999575,94213.55000000008
1990,38881.049999999756,94213.55000000008
1991,42912.60000000044,94213.55000000008
1992,42099.149999999965,94213.55000000008
1993,26007.550000000294,94213.55000000008
1994,45226.04999999984,94213.55000000008
1995,32217.04999999977,94213.55000000008
1996,-36913.39999999992,94213.55000000008
1997,62195.750000000495,94213.55000000008
1998,-171252.34999999986,94213.55000000008
1999,68937.39999999985,94213.55000000008
2000,1107.9500000000116,94213.55000000008
2001,43793.150000000314,94213.55000000008
2002,75218.34999999951,94213.55000000008
2003,-430976.04999999964,94213.55000000008
2004,-12777.650000000009,94213.55000000008
2005,-59053.94999999956,93973.45000000022
2006,78975.9000000002,93973.45000000022
2007,-26215.35000000056,93973.45000000022
2008,69556.8500000005,93973.45000000022
2009,105390.69999999963,93973.45000000022
2010,-3514.3499999998603,94213.55000000008
2011,39864.35000000012,94213.55000000008
2012,10583.049999999872,94213.55000000008
2013,-1761.1499999996158,94213.55000000008
2014,14929.75,94213.55000000008
2015,-29053.600000000122,94213.55000000008
2016,-31936.100000000093,94213.55000000008
2017,29625.599999999744,94213.55000000008
2018,7250.949999999895,94213.55000000008
2019,-61465.84999999998,94213.55000000008
2020,7024.650000000314,94213.55000000008
2021,39937.300000000076,94213.55000000008
2022,-22694.100000000355,94213.55000000008
2023,46414.999999999956,94213.55000000008
2024,55961.500000000044,94213.55000000008
2025,-58870.00000000019,94213.55000000008
2026,16932.049999999785,94213.55000000008
2027,110476.65000000023,94213.55000000008
2028,83661.49999999965,94464.67499999981
2029,-53712.250000000524,94213.55000000008
2030,-42244.09999999945,94213.55000000008
2031,-19908.14999999979,94213.55000000008
2032,69909.94999999987,94213.55000000008
2033,116974.50000000029,94213.55000000008
2034,-3553.600000000588,94464.67499999981
2035,-47563.59999999983,94464.67499999981
2036,68349.04999999955,94213.55000000008
2037,-30367.300000000017,94213.55000000008
2038,-20470.34999999976,94213.55000000008
2039,13426.549999999872,94213.55000000008
2040,-44778.45,94213.55000000008
2041,39042.80000000005,93973.45000000022
2042,13839.200000000259,93352.62500000006
2043,116790.69999999988,93352.62500000006
2044,-5715.450000000041,93973.45000000022
2045,-22025.65000000014,93973.45000000022
2046,17861.799999999872,93973.45000000022
2047,50770.70000000007,93973.45000000022
2048,-8543.450000000303,93973.45000000022
2049,32678.299999999814,93973.45000000022
2050,-146954.7999999997,93973.45000000022
2051,-240830.04999999993,93973.45000000022
2052,42311.19999999995,93973.45000000022
2053,45448.1000000005,93973.45000000022
2054,-13870.850000000122,93973.45000000022
2055,9813.799999999668,93352.62500000006
2056,10450.64999999995,93352.62500000006
2057,44667.25000000023,93352.62500000006
2058,84243.64999999944,93352.62500000006
2059,-18140.850000000122,93352.62500000006
2060,-58534.65000000018,92757.32499999987
2061,-65536.44999999997,92757.32499999987
2062,98737.74999999988,92757.32499999987
2063,-148978.85000000006,93352.62500000006
2064,1432.0499999999302,93352.62500000006
2065,44375.15000000014,93352.62500000006
2066,9675.850000000035,93352.62500000006
2067,28637.200000000128,92757.32499999987
2068,-18282.89999999976,92757.32499999987
2069,-1226.3499999998312,92757.32499999987
2070,58465.550000000105,92680.94999999992
2071,-101121.34999999998,92680.94999999992
2072,-9456.300000000105,92680.94999999992
2073,-69042.99999999971,92680.94999999992
2074,96646.59999999986,92680.94999999992
2075,-60797.24999999987,92757.32499999987
2076,62212.000000000204,92757.32499999987
2077,-40644.699999999895,92757.32499999987
2078,-19054.850000000064,92757.32499999987
2079,-17337.449999999924,92757.32499999987
2080,-18699.850000000006,92757.32499999987
2081,-25584.399999999703,92680.94999999992
2082,67295.39999999947,92680.94999999992
2083,11198.800000000032,92680.94999999992
2084,73575.54999999954,92680.94999999992
2085,-25133.999999999694,92680.94999999992
2086,103133.90000000027,92680.94999999992
2087,-8481.550000000614,92757.32499999987
2088,192284.4499999999,92757.32499999987
2089,6987.750000000233,93352.62500000006
2090,-175148.59999999998,93352.62500000006
2091,217944.4000000005,93352.62500000006
2092,-134532.40000000043,93973.45000000022
2093,-101617.14999999979,93973.45000000022
2094,-94865.19999999968,93973.45000000022
2095,68447.5999999998,93973.45000000022
2096,-74409.05000000069,93973.45000000022
2097,-128431.30000000022,93973.45000000022
2098,157394.14999999985,93973.45000000022
2099,93432.20000000006,94213.55000000008
2100,79815.19999999995,93973.45000000022
2101,96870.60000000003,93973.45000000022
2102,-2035.3499999997439,94213.55000000008
2103,-54338.599999999715,93973.45000000022
2104,31723.899999999776,93658.25000000012
2105,-63479.500000000044,93658.25000000012
2106,-84060.35000000018,93658.25000000012
2107,104349.15000000002,93658.25000000012
2108,-3131.9499999999534,93973.45000000022
2109,-39973.79999999989,93973.45000000022
2110,110343.30000000016,93658.25000000012
2111,66758.59999999992,93973.45000000022
2112,-37550.60000000008,93973.45000000022
2113,-19354.10000000002,93973.45000000022
2114,-39593.69999999981,93973.45000000022
2115,-31494.950000000303,93973.45000000022
2116,-83127.75000000001,93658.25000000012
2117,-24909.69999999937,93658.25000000012
2118,-424.60000000020955,93658.25000000012
2119,-4271.399999999558,93658.25000000012
2120,-108360.9000000002,93658.25000000012
2121,-47315.24999999977,93658.25000000012
2122,-120786.5500000001,93658.25000000012
2123,143263.55000000025,93658.25000000012
2124,-10472.750000000742,93973.45000000022
2125,45456.04999999996,93658.25000000012
2126,59114.14999999998,93658.25000000012
2127,59796.49999999945,93658.25000000012
2128,42191.75000000012,93658.25000000012
2129,41651.5,93658.25000000012
2130,31408.29999999996,93658.25000000012
2131,-74645.05000000028,93126.57500000001
2132,-12514.149999999878,92757.32499999987
2133,117472.75000000023,92757.32499999987
2134,132529.74999999953,93126.57500000001
2135,23278.29999999993,93658.25000000012
2136,-23613.04999999993,93126.57500000001
2137,2985.6999999999534,93126.57500000001
2138,-4845.599999999657,92757.32499999987
2139,74848.94999999966,92757.32499999987
2140,15141.54999999964,92757.32499999987
2141,-85272.5,92680.94999999992
2142,159412.1499999992,92680.94999999992
2143,69443.55000000063,92757.32499999987
2144,79203.74999999965,92757.32499999987
2145,-42747.2000000001,92680.94999999992
2146,7436.6000000004715,92680.94999999992
2147,-47874.2999999999,92680.94999999992
2148,178507.0999999997,92680.94999999992
2149,11160.29999999996,92757.32499999987
2150,-5346.150000000271,92757.32499999987
2151,17798.199999999837,92680.94999999992
2152,-55083.44999999965,92680.94999999992
2153,67915.04999999958,92680.94999999992
2154,-29705.650000000256,92680.94999999992
2155,-13263.099999999817,92680.94999999992
2156,16205.200000000143,92680.94999999992
2157,34317.649999999776,92680.94999999992
2158,-48398.15000000011,92680.94999999992
2159,29603.850000000355,92534.39999999982
2160,-32326.899999999718,92534.39999999982
2161,-18974.80000000022,92534.39999999982
2162,9734.999999999316,92534.39999999982
2163,-42211.649999999994,92534.39999999982
2164,25589.849999999627,92193.7499999998
2165,-25568.349999999627,92193.7499999998
2166,33004.59999999986,92193.7499999998
2167,96216.4500000003,92193.7499999998
2168,-27650.99999999997,92534.39999999982
2169,100919.40000000037,92534.39999999982
2170,19317.199999999895,92680.94999999992
2171,-74759.95000000019,92680.94999999992
2172,-37421.600000000675,92534.39999999982
2173,-10648.950000000012,92534.39999999982
2174,-43633.85000000021,92193.7499999998
2175,79933.30000000075,92193.7499999998
2176,11056.749999999563,92193.7499999998
2177,100242.75000000036,92193.7499999998
2178,44846.69999999994,92534.39999999982
2179,1843.9499999997352,92534.39999999982
2180,47654.300000000425,92534.39999999982
2181,-115975.84999999989,92534.39999999982
2182,9346.149999999805,92534.39999999982
2183,14984.899999999863,92534.39999999982
2184,-76594.19999999981,92534.39999999982
2185,-9572.150000000474,92534.39999999982
2186,50223.45000000027,92534.39999999982
2187,-17470.24999999971,92193.7499999998
2188,44713.049999999974,92193.7499999998
2189,-22969.649999999863,91889.15000000015
2190,61758.64999999995,91889.15000000015
2191,-76563.49999999997,91889.15000000015
2192,-20344.15000000008,91889.15000000015
2193,25269.850000000195,91889.15000000015
2194,67150.14999999997,91639.22500000008
2195,-56624.550000000076,91639.22500000008
2196,-132645.65000000005,91639.22500000008
2197,-40525.79999999968,91455.72499999987
2198,10783.149999999703,91455.72499999987
2199,16662.7000000001,91455.72499999987
2200,28370.89999999985,91455.72499999987
2201,3516.800000000134,91455.72499999987
2202,51581.099999999875,91455.72499999987
2203,54541.54999999999,91455.72499999987
2204,89380.75000000026,91455.72499999987
2205,-55652.649999999994,91455.72499999987
2206,-11592.549999999988,91455.72499999987
2207,33239.150000000256,91455.72499999987
2208,-44218.40000000014,91455.72499999987
2209,-22027.30000000063,91455.72499999987
2210,-112228.04999999987,91455.72499999987
2211,-33347.34999999983,91455.72499999987
2212,9632.800000000512,91455.72499999987
2213,44793.79999999935,91324.29999999976
2214,119287.05000000034,91324.29999999976
2215,-33204.849999999395,91607.90000000008
2216,93871.00000000006,91607.90000000008
2217,14965.350000000122,91889.15000000015
2218,-12851.300000000221,91889.15000000015
2219,-101189.90000000008,91889.15000000015
2220,-3131.7499999999563,91889.15000000015
2221,82516.10000000041,91889.15000000015
2222,6669.2499999998545,91889.15000000015
2223,-64836.60000000018,91889.15000000015
2224,53276.85000000034,91607.90000000008
2225,151201.25000000012,91607.90000000008
2226,-25701.199999999997,91607.90000000008
2227,19422.59999999999,91607.90000000008
2228,-15703.70000000007,91607.90000000008
2229,-15198.75000000016,91607.90000000008
2230,28159.600000000355,91607.90000000008
2231,77998.04999999971,91607.90000000008
2232,-59813.94999999988,91607.90000000008
2233,17596.399999999936,91324.29999999976
2234,320.25000000007276,91324.29999999976
2235,-10113.299999999625,91324.29999999976
2236,-14508.950000000274,91324.29999999976
2237,1581.6999999999825,91053.72499999977
2238,-24882.149999999412,91053.72499999977
2239,-38779.55000000051,91053.72499999977
2240,3742.1000000001513,90759.52499999985
2241,81078.74999999983,90759.52499999985
2242,22262.95000000033,90759.52499999985
2243,-67607.85000000015,90759.52499999985
2244,-55258.10000000037,90759.52499999985
2245,-54913.69999999997,90759.52499999985
2246,-4467.449999999837,90759.52499999985
2247,22763.74999999968,90759.52499999985
2248,38448.05000000038,90759.52499999985
2249,44728.9999999999,90759.52499999985
2250,159006.80000000022,90522.87499999985
2251,-7723.450000000012,90759.52499999985
2252,-27323.84999999999,90759.52499999985
2253,4011.7500000004657,90759.52499999985
2254,-26543.400000000038,90759.52499999985
2255,17252.749999999753,90759.52499999985
2256,36749.15000000004,90759.52499999985
2257,378.6000000004133,90522.87499999985
2258,99324.45000000036,90522.87499999985
2259,5874.499999999913,90759.52499999985
2260,-12977.699999999575,90759.52499999985
2261,-213005.64999999967,90759.52499999985
2262,118152.24999999968,90759.52499999985
2263,-18878.7999999999,91053.72499999977
2264,27855.399999999805,91053.72499999977
2265,25636.850000000268,91053.72499999977
2266,33261.34999999963,91053.72499999977
2267,23193.25,91053.72499999977
2268,-61929.10000000009,91053.72499999977
2269,-24877.650000000256,91053.72499999977
2270,25855.999999999825,90759.52499999985
2271,103909.70000000019,90759.52499999985
2272,21263.049999999814,91053.72499999977
2273,-75361.20000000019,91053.72499999977
2274,90293.50000000058,91053.72499999977
2275,18237.400000000052,91053.72499999977
2276,18725.349999999686,91053.72499999977
2277,31573.999999999913,91053.72499999977
2278,-659.2499999997672,91053.72499999977
2279,-170842.55000000016,91053.72499999977
2280,99978.00000000012,91053.72499999977
2281,119914.10000000015,91324.29999999976
2282,-24092.45000000004,91607.90000000008
2283,17026.150000000183,91607.90000000008
2284,-53837.79999999971,91607.90000000008
2285,60331.199999999895,91607.90000000008
2286,-2526.699999999895,91607.90000000008
2287,11356.29999999977,91607.90000000008
2288,15836.10000000021,91607.90000000008
2289,-74359.24999999987,91607.90000000008
2290,95696.69999999972,91607.90000000008
2291,25301.95000000004,92095.99999999994
2292,49015.05000000005,92095.99999999994
2293,-29930.099999999904,92095.99999999994
2294,35627.65000000004,92095.99999999994
2295,-6088.749999999767,92095.99999999994
2296,10254.599999999715,92095.99999999994
2297,12687.500000000655,92095.99999999994
2298,31589.499999999985,91607.90000000008
2299,32963.74999999965,91607.90000000008
2300,-65167.39999999959,91607.90000000008
2301,-1415.0500000000466,91607.90000000008
2302,-5783.949999999284,91607.90000000008
2303,13297.34999999989,91607.90000000008
2304,-20102.199999999793,91324.29999999976
2305,-7147.450000000375,91324.29999999976
2306,1332.250000000291,91324.29999999976
2307,-147559.65000000017,91324.29999999976
2308,-64252.55000000025,91053.72499999977
2309,39348.5,91053.72499999977
2310,-30431.599999999627,91053.72499999977
2311,58515.19999999978,91053.72499999977
2312,15636.949999999837,91053.72499999977
2313,51158.849999999744,90759.52499999985
2314,40053.100000000544,90759.52499999985
2315,-49577.89999999966,90759.52499999985
2316,108673.25,90759.52499999985
2317,24347.0499999999,91053.72499999977
2318,17352.050000000017,91053.72499999977
2319,-29649.600000000384,91053.72499999977
2320,162912.9500000002,91053.72499999977
2321,15980.400000000358,91324.29999999976
2322,46074.650000000125,91324.29999999976
2323,37318.64999999998,91324.29999999976
2324,-25438.849999999526,91324.29999999976
2325,-19906.55000000028,91324.29999999976
2326,-25243.049999999872,91324.29999999976
2327,-37301.39999999991,91324.29999999976
2328,2098.0499999998283,91324.29999999976
2329,55469.64999999979,91324.29999999976
2330,-13807.04999999993,91324.29999999976
2331,38480.89999999991,91324.29999999976
2332,-35771.89999999985,91324.29999999976
2333,100202.60000000062,91324.29999999976
2334,-78493.05000000022,91324.29999999976
2335,-19988.250000000175,91324.29999999976
2336,113251.90000000002,91324.29999999976
2337,-48291.40000000002,91607.90000000008
2338,-5979.14999999979,91607.90000000008
2339,-6078.699999999895,91607.90000000008
2340,19764.999999999884,91607.90000000008
2341,-57725.34999999998,91607.90000000008
2342,-6840.20000000007,91607.90000000008
2343,-86296.00000000023,91607.90000000008
2344,40153.200000000186,91607.90000000008
2345,42945.69999999995,91607.90000000008
2346,16262.299999999697,91607.90000000008
2347,26509.100000000093,91607.90000000008
2348,-36137.70000000042,91607.90000000008
2349,-15208.25,91607.90000000008
2350,5166.399999999907,91607.90000000008
2351,-17275.850000000035,91607.90000000008
2352,-9690.150000000023,91607.90000000008
2353,-30505.95000000004,91607.90000000008
2354,-80864.45000000042,91607.90000000008
2355,-86230.99999999977,91607.90000000008
2356,37369.149999999965,91607.90000000008
2357,-22341.95000000007,91607.90000000008
2358,-86789.1000000001,91607.90000000008
2359,116557.29999999993,91607.90000000008
2360,80772.20000000024,92095.99999999994
2361,20795.650000000256,92095.99999999994
2362,-26033.60000000021,92095.99999999994
2363,-46114.45000000007,92095.99999999994
2364,63999.450000000186,91607.90000000008
2365,51556.199999999895,91607.90000000008
2366,48962.94999999995,91607.90000000008
2367,65750.60000000021,91607.90000000008
2368,23438.35000000005,91607.90000000008
2369,35223.1499999997,91607.90000000008
2370,42670.10000000041,91607.90000000008
2371,11014.549999999377,91607.90000000008
2372,-24692.799999999697,91607.90000000008
2373,69002.30000000035,91607.90000000008
2374,7588.499999999956,91607.90000000008
2375,-30034.650000000227,91607.90000000008
2376,8315.400000000023,91607.90000000008
2377,53651.14999999979,91607.90000000008
2378,52521.900000000256,91607.90000000008
2379,-4916.600000000326,91607.90000000008
2380,38866.84999999998,91607.90000000008
2381,-9841.850000000035,91607.90000000008
2382,-23681.45000000007,91607.90000000008
2383,702.4000000002561,91607.90000000008
2384,-7770.90000000014,91607.90000000008
2385,-20019.350000000093,91607.90000000008
2386,-80116.60000000015,91607.90000000008
2387,41901.89999999979,91607.90000000008
2388,-39838.850000000326,91607.90000000008
2389,45825.64999999991,91607.90000000008
2390,3799.599999999744,91607.90000000008
2391,123065.14999999973,91607.90000000008
2392,-16100.60000000021,92095.99999999994
2393,-7514.59999999986,92095.99999999994
2394,-18828.599999999744,92095.99999999994
2395,-54470.34999999998,92095.99999999994
2396,5056.29999999929,92095.99999999994
2397,3313.200000000128,92095.99999999994
2398,-50701.299999999814,92095.99999999994
2399,-7206.650000000256,92095.99999999994
2400,-89003.09999999951,92095.99999999994
2401,21189.19999999972,92095.99999999994
2402,4482.650000000023,92095.99999999994
2403,-48663.19999999984,92095.99999999994
2404,-6889.949999999953,92095.99999999994
2405,10316.849999999904,92095.99999999994
2406,76036.90000000008,92095.99999999994
2407,-77109.20000000013,92095.99999999994
2408,-29895.499999999767,92095.99999999994
2409,25267.499999999767,92095.99999999994
2410,-21961.750000000116,92095.99999999994
2411,-7063.2999999997555,92095.99999999994
2412,94449.55000000051,92095.99999999994
2413,-22212.0,92534.39999999982
2414,-19525.05000000028,92534.39999999982
2415,114.90000000025611,92534.39999999982
2416,-52222.149999999674,92534.39999999982
2417,-100319.3500000001,92534.39999999982
2418,-75306.95000000007,92534.39999999982
2419,-1621.300000000163,92534.39999999982
2420,-23371.549999999697,92534.39999999982
2421,-5007.900000000052,92534.39999999982
2422,144484.90000000014,92534.39999999982
2423,-4733.400000000198,92680.94999999992
2424,29146.849999999802,92680.94999999992
2425,-37071.94999999972,92680.94999999992
2426,-53159.95000000042,92680.94999999992
2427,-114141.1499999999,92680.94999999992
2428,60638.80000000005,92680.94999999992
2429,-35058.149999999674,92680.94999999992
2430,17004.34999999986,92680.94999999992
2431,-112397.45000000042,92680.94999999992
2432,79628.4000000006,92680.94999999992
2433,92326.59999999963,92680.94999999992
2434,-40066.199999999866,92680.94999999992
2435,-13335.20000000007,92680.94999999992
2436,-65859.39999999994,92534.39999999982
2437,-102700.54999999976,92534.39999999982
2438,176862.20000000013,92534.39999999982
2439,17365.750000000597,92680.94999999992
2440,111095.25000000004,92680.94999999992
2441,103733.95000000016,92757.32499999987
2442,48344.25,93126.57500000001
2443,-11920.44999999991,93126.57500000001
2444,67647.8000000002,93126.57500000001
2445,31187.049999999843,93126.57500000001
2446,25762.350000000413,93126.57500000001
2447,51382.40000000037,93126.57500000001
2448,207382.69999999987,92757.32499999987
2449,12211.849999999948,93126.57500000001
2450,-53370.40000000036,93126.57500000001
2451,-178383.94999999995,93126.57500000001
2452,-50282.800000000134,93126.57500000001
2453,49268.899999999514,93126.57500000001
2454,-5700.100000000326,93126.57500000001
2455,24062.850000000544,93126.57500000001
2456,-57690.04999999961,93126.57500000001
2457,7999.5500000000175,93126.57500000001
2458,-33529.45000000042,93126.57500000001
2459,89443.65000000014,93126.57500000001
2460,4346.350000000006,93126.57500000001
2461,2338.050000000556,93126.57500000001
2462,20917.69999999985,93126.57500000001
2463,28027.60000000021,92757.32499999987
2464,-15549.149999999616,92757.32499999987
2465,10336.050000000207,92757.32499999987
2466,-14703.799999999857,92757.32499999987
2467,-87970.20000000026,92757.32499999987
2468,26544.200000000114,92757.32499999987
2469,-51233.74999999977,92757.32499999987
2470,49082.64999999985,92757.32499999987
2471,-62523.75000000012,92757.32499999987
2472,63372.04999999999,92757.32499999987
2473,88573.19999999992,92757.32499999987
2474,-45723.499999999796,92757.32499999987
2475,-5082.749999999942,92680.94999999992
2476,-40729.70000000042,92680.94999999992
2477,-15721.300000000352,92680.94999999992
